{
  "cliCIEnvironment": null,
  "cliCommandArgs": [
    "fossa",
    "analyze",
    "--debug"
  ],
  "cliEnvironment": "prod",
  "cliExitedFatally": true,
  "cliResolvedConfig": {
    "cmdConfig": {
      "allowedTacticTypes": "Any",
      "baseDir": {
        "unBaseDir": "/Users/halmeoni/support-workspace/fossa-cli-training/"
      },
      "customFossaDepsFile": null,
      "debugDir": "/var/folders/lg/kd7z57sx28dg539z7fthv8w00000gn/T//fossa-debug-bundle-36bd3090-6037-4a48-be1c-b650d6d5d8d5",
      "experimental": {
        "allowedGradleConfigs": null,
        "resolvePathDependencies": false,
        "useV3GoResolver": "GoModulesBasedTactic"
      },
      "filterSet": {
        "excludeFilters": {
          "_combinedPaths": [
            "node_modules/",
            "dist/",
            "build/",
            ".git/",
            ".github/",
            "docs/",
            "*.log/",
            "*.tmp/"
          ],
          "_combinedTargets": []
        },
        "includeFilters": {
          "_combinedPaths": [],
          "_combinedTargets": [
            {
              "contents": [
                "npm",
                "./"
              ],
              "tag": "TypeDirTarget"
            }
          ]
        }
      },
      "firstPartyScansFlag": "FirstPartyScansUseDefault",
      "grepOptions": {
        "configFilePath": "/Users/halmeoni/support-workspace/fossa-cli-training/.fossa.yml",
        "customLicenseSearch": [],
        "keywordSearch": [],
        "orgWideCustomLicenseScanConfigPolicy": "Use"
      },
      "includeAllDeps": {
        "getFlag": false
      },
      "jsonOutput": {
        "getFlag": false
      },
      "mavenScopeFilterSet": {
        "contents": {
          "scopes": []
        },
        "tag": "MavenScopeIncludeFilters"
      },
      "mode": "NonStrict",
      "noDiscoveryExclusion": {
        "getFlag": false
      },
      "overrideDynamicAnalysis": {
        "unOverrideDynamicAnalysisBinary": []
      },
      "projectRevision": {
        "projectBranch": "main",
        "projectName": "https://github.com/fossas/support-workspace.git",
        "projectRevision": "9993d22d8c65caed5f8b418c7f851dd16d3f50c3"
      },
      "reachabilityConfig": {},
      "scanDestination": {
        "contents": [
          {
            "apiKey": "<REDACTED>",
            "uri": "Nothing"
          },
          {
            "projectJiraKey": null,
            "projectLabel": [],
            "projectLink": null,
            "projectPolicy": {
              "contents": "Default Policy",
              "tag": "PolicyName"
            },
            "projectReleaseGroup": null,
            "projectTeam": "Security Team",
            "projectTitle": "FOSSA CLI Training Demo",
            "projectUrl": "https://github.com/your-org/fossa-cli-training"
          }
        ],
        "tag": "UploadScan"
      },
      "unpackArchives": {
        "getFlag": false
      },
      "vendoredDeps": {
        "forceRescans": false,
        "licenseScanMethod": null,
        "licenseScanPathFilters": null
      },
      "vsiOptions": {
        "binaryDiscoveryEnabled": {
          "getFlag": false
        },
        "dynamicLinkingTarget": {
          "unDynamicLinkInspect": null
        },
        "iatAssertion": {
          "unIATAssertion": null
        },
        "vsiAnalysisEnabled": {
          "getFlag": false
        },
        "vsiSkipSet": {
          "unVSISkipResolution": []
        }
      },
      "withoutDefaultFilters": {
        "getFlag": false
      },
      "xSnippetScan": false
    },
    "cmdName": "analyze"
  },
  "cliStartedAt": "2025-12-03T04:03:09.109931Z",
  "cliSystemInfo": {
    "systemCapabilities": 10,
    "systemDistroInfo": null,
    "systemInfoArch": "aarch64",
    "systemInfoOs": "darwin",
    "systemLddVersion": null,
    "systemProcessors": 10,
    "systemUname": {
      "Right": "Darwin 24.2.0 Darwin Kernel Version 24.2.0: Fri Dec  6 19:01:59 PST 2024; root:xnu-11215.61.5~2/RELEASE_ARM64_T6000 arm64\n"
    }
  },
  "cliTelLogs": [
    {
      "message": "Failed\n\n*** Relevant Errors ***\n\n    \u001b[0;91mError: \u001b[0mspecified team 'Security Team' not found\n    Error UUID from API: 62fa94a1-a3a2-41b4-a4eb-1346d9d20873\n    \u001b[0;94mSupport: \u001b[0mIf you believe this to be a defect, please report a bug to FOSSA support at https://support.fossa.com. Please include the error UUID in your request.\n    \u001b[0;94mSupport: \u001b[0mIf you believe this to be a defect, please report a bug to FOSSA support at https://support.fossa.com\n\n    Traceback:\n      - Calling FOSSA API\n      - preflight-checks\n      - fossa-analyze\n",
      "severity": "error",
      "ts": "2025-12-03T04:03:12.589831Z"
    }
  ],
  "cliTelemetryId": "d518e7e8-03c8-40b9-9fc7-de963c036056",
  "cliTimedDurations": [],
  "cliTotalDurationInSec": 3.485727,
  "cliUsageCounter": {},
  "cliVersion": "v3.13.1"
}