{"bundleSystem":{"systemInfoOs":"darwin","systemInfoArch":"aarch64","systemCapabilities":10,"systemProcessors":10,"systemMemory":{"systemMemoryLiveBytes":0,"systemMemoryAllocatedBytes":0}},"bundleCLIVersion":"fossa-cli version 3.13.1 (revision b926d24ed316 compiled with ghc-9.8)","bundleThemisVersion":"1.0.40","bundleArgs":["fossa","analyze","--debug"],"bundleConfig":{"baseDir":{"unBaseDir":"/Users/halmeoni/support-workspace/fossa-cli-training/"},"scanDestination":{"tag":"UploadScan","contents":[{"apiKey":"<REDACTED>","uri":"Nothing"},{"projectTitle":"FOSSA CLI Training Demo","projectUrl":"https://github.com/your-org/fossa-cli-training","projectJiraKey":null,"projectLink":null,"projectTeam":"Security Team","projectPolicy":{"tag":"PolicyName","contents":"Default Policy"},"projectLabel":[],"projectReleaseGroup":null}]},"projectRevision":{"projectName":"https://github.com/fossas/support-workspace.git","projectRevision":"9993d22d8c65caed5f8b418c7f851dd16d3f50c3","projectBranch":"main"},"vsiOptions":{"vsiAnalysisEnabled":{"getFlag":false},"vsiSkipSet":{"unVSISkipResolution":[]},"iatAssertion":{"unIATAssertion":null},"dynamicLinkingTarget":{"unDynamicLinkInspect":null},"binaryDiscoveryEnabled":{"getFlag":false}},"filterSet":{"includeFilters":{"_combinedTargets":[{"tag":"TypeDirTarget","contents":["npm","./"]}],"_combinedPaths":[]},"excludeFilters":{"_combinedTargets":[],"_combinedPaths":["node_modules/","dist/","build/",".git/",".github/","docs/","*.log/","*.tmp/"]}},"mavenScopeFilterSet":{"tag":"MavenScopeIncludeFilters","contents":{"scopes":[]}},"experimental":{"allowedGradleConfigs":null,"useV3GoResolver":"GoModulesBasedTactic","resolvePathDependencies":false},"vendoredDeps":{"forceRescans":false,"licenseScanMethod":null,"licenseScanPathFilters":null},"unpackArchives":{"getFlag":false},"jsonOutput":{"getFlag":false},"includeAllDeps":{"getFlag":false},"noDiscoveryExclusion":{"getFlag":false},"overrideDynamicAnalysis":{"unOverrideDynamicAnalysisBinary":[]},"firstPartyScansFlag":"FirstPartyScansUseDefault","grepOptions":{"customLicenseSearch":[],"keywordSearch":[],"orgWideCustomLicenseScanConfigPolicy":"Use","configFilePath":"/Users/halmeoni/support-workspace/fossa-cli-training/.fossa.yml"},"customFossaDepsFile":null,"allowedTacticTypes":"Any","reachabilityConfig":{},"withoutDefaultFilters":{"getFlag":false},"mode":"NonStrict","xSnippetScan":false,"debugDir":"/var/folders/lg/kd7z57sx28dg539z7fthv8w00000gn/T//fossa-debug-bundle-36bd3090-6037-4a48-be1c-b650d6d5d8d5"},"bundleEnvVariables":{"JAVA_HOME":"/Library/Java/JavaVirtualMachines/adoptopenjdk-8.jdk/Contents/Home"},"bundleBinaryVersions":{"bundler --version":{"Right":"Bundler version 2.4.22\n"},"cargo --version":{"Left":{"cmdFailureCmd":{"cmdAllowErr":"Always","cmdArgs":["--version"],"cmdName":"cargo"},"cmdFailureDir":"/Users/halmeoni/support-workspace/fossa-cli-training/","cmdFailureExit":1,"cmdFailureStderr":"cargo: startProcess: execvp: does not exist (No such file or directory)","cmdFailureStdout":""}},"dotnet --version":{"Right":"7.0.100\n"},"go version":{"Right":"go version go1.19.5 darwin/arm64\n"},"java --version":{"Right":"openjdk 23.0.2 2025-01-21\nOpenJDK Runtime Environment Homebrew (build 23.0.2)\nOpenJDK 64-Bit Server VM Homebrew (build 23.0.2, mixed mode, sharing)\n"},"java -version":{"Right":""},"mvn --version":{"Right":"Apache Maven 3.9.9 (8e8579a9e76f7d015ee5ec7bfcdc97d260186937)\nMaven home: /opt/homebrew/Cellar/maven/3.9.9/libexec\nJava version: 1.8.0_292, vendor: AdoptOpenJDK, runtime: /Library/Java/JavaVirtualMachines/adoptopenjdk-8.jdk/Contents/Home/jre\nDefault locale: en_US, platform encoding: UTF-8\nOS name: \"mac os x\", version: \"10.16\", arch: \"x86_64\", family: \"mac\"\n"},"python --version":{"Left":{"cmdFailureCmd":{"cmdAllowErr":"Always","cmdArgs":["--version"],"cmdName":"python"},"cmdFailureDir":"/Users/halmeoni/support-workspace/fossa-cli-training/","cmdFailureExit":1,"cmdFailureStderr":"python: startProcess: execvp: does not exist (No such file or directory)","cmdFailureStdout":""}},"python3 --version":{"Right":"Python 3.13.1\n"},"sbt --version":{"Right":"sbt runner version: 1.11.0\n"},"which bundler":{"Right":"/usr/local/bin/bundler\n"},"which cargo":{"Right":""},"which dotnet":{"Right":"/opt/homebrew/bin/dotnet\n"},"which go":{"Right":"/opt/homebrew/bin/go\n"},"which java":{"Right":"/opt/homebrew/opt/openjdk/bin/java\n"},"which mvn":{"Right":"/opt/homebrew/bin/mvn\n"},"which python":{"Right":""},"which python3":{"Right":"/opt/homebrew/bin/python3\n"},"which sbt":{"Right":"/opt/homebrew/bin/sbt\n"}},"bundleOutput":"scan was not successful, no output","bundleScope":{"duration":"0.518674000","events":[{"duration":"0.518077000","events":[{"duration":"0.000212000","events":[{"effect":["Effect.ReadFS.DoesFileExist","/Users/halmeoni/support-workspace/fossa-cli-training/fossa-deps.yml"],"result":false},{"effect":["Effect.ReadFS.DoesFileExist","/Users/halmeoni/support-workspace/fossa-cli-training/fossa-deps.yaml"],"result":false},{"effect":["Effect.ReadFS.DoesFileExist","/Users/halmeoni/support-workspace/fossa-cli-training/fossa-deps.json"],"result":false}],"scope":"fossa-deps","startTime":"2025-12-03 04:03:09.113079 UTC"},{"duration":"0.481265000","events":[{"duration":"0.000245000","scope":"Failed to write to temp directory","startTime":"2025-12-03 04:03:09.149604 UTC"},{"duration":"0.285165000","events":["GET https://app.fossa.com/api/cli/organization"],"scope":"Calling FOSSA API","startTime":"2025-12-03 04:03:09.14998 UTC"},{"duration":"0.195134000","events":["GET https://app.fossa.com/api/cli/custom_build_permissions",{"error":"Errata {errataHeader = Just \"specified team 'Security Team' not found\", errataBlocks = [], errataBody = Just \"Error UUID from API: 62fa94a1-a3a2-41b4-a4eb-1346d9d20873\\n\\ESC[0;94mSupport: \\ESC[0mIf you believe this to be a defect, please report a bug to FOSSA support at https://support.fossa.com. Please include the error UUID in your request.\"}"}],"scope":"Calling FOSSA API","startTime":"2025-12-03 04:03:09.435433 UTC"}],"scope":"preflight-checks","startTime":"2025-12-03 04:03:09.149384 UTC"}],"scope":"fossa-analyze","startTime":"2025-12-03 04:03:09.112734 UTC"}],"startTime":"2025-12-03 04:03:09.112221 UTC"},"bundleJournals":{"bundleJournalReadFS":[[["Effect.ReadFS.DoesFileExist","/Users/halmeoni/support-workspace/fossa-cli-training/fossa-deps.json"],false],[["Effect.ReadFS.DoesFileExist","/Users/halmeoni/support-workspace/fossa-cli-training/fossa-deps.yaml"],false],[["Effect.ReadFS.DoesFileExist","/Users/halmeoni/support-workspace/fossa-cli-training/fossa-deps.yml"],false]],"bundleJournalExec":[]},"bundleReachabilityRaw":null,"bundleReachabilityEndpoint":null}